{"means": [0.4360216557979584, 0.45406827330589294, 0.4414776563644409], "stds": [0.2667596936225891, 0.27557215094566345, 0.2720538377761841]}